{"cameraMode":{"drawMode":0,"name":"Shaded","section":"Shading Mode"},"sceneLighting":true,"audioPlay":false,"sceneViewState":{"showFog":true,"showMaterialUpdate":false,"showSkybox":true,"showFlares":true,"showImageEffects":true,"showParticleSystems":true},"in2DMode":false,"pivot":{"x":-1.5993804931640626,"y":10.04315185546875,"z":5.256504058837891},"rotation":{"x":-0.015921201556921006,"y":0.950917661190033,"z":0.049681156873703,"w":0.30511245131492617},"size":13.173513412475586,"orthographic":false}