{"cameraMode":{"drawMode":0,"name":"Shaded","section":"Shading Mode"},"sceneLighting":true,"audioPlay":false,"sceneViewState":{"showFog":true,"showMaterialUpdate":false,"showSkybox":true,"showFlares":true,"showImageEffects":true,"showParticleSystems":true},"in2DMode":false,"pivot":{"x":-17.71395492553711,"y":-0.4788956046104431,"z":11.88103199005127},"rotation":{"x":-0.026560164988040925,"y":0.5478978157043457,"z":-0.01749574951827526,"w":-0.835995614528656},"size":13.173513412475586,"orthographic":false}