{"cameraMode":{"drawMode":0,"name":"Shaded","section":"Shading Mode"},"sceneLighting":true,"audioPlay":false,"sceneViewState":{"showFog":true,"showMaterialUpdate":false,"showSkybox":true,"showFlares":true,"showImageEffects":true,"showParticleSystems":true},"in2DMode":false,"pivot":{"x":2.3310396671295168,"y":10.323866844177246,"z":4.601440906524658},"rotation":{"x":-0.01488339714705944,"y":0.9545845985412598,"z":0.04843682050704956,"w":0.29370254278182986},"size":13.173513412475586,"orthographic":false}