{"cameraMode":{"drawMode":0,"name":"Shaded","section":"Shading Mode"},"sceneLighting":true,"audioPlay":false,"sceneViewState":{"showFog":true,"showMaterialUpdate":false,"showSkybox":true,"showFlares":true,"showImageEffects":true,"showParticleSystems":true},"in2DMode":false,"pivot":{"x":1.5334138870239258,"y":-4.899348258972168,"z":4.727638244628906},"rotation":{"x":0.2534896433353424,"y":0.2531772255897522,"z":-0.06892991065979004,"w":0.931092381477356},"size":13.090923309326172,"orthographic":false}